"","Gene","baseMean","log2FoldChange","lfcSE","stat","pvalue","padj","sel4_SRR1719013_htseq_counted","sel4_SRR1719014_htseq_counted","sel4_SRR1719015_htseq_counted","sel4_SRR1719016_htseq_counted","sel4_SRR1719017_htseq_counted","sel4_SRR1719018_htseq_counted","sel4_SRR1719204_htseq_counted","sel4_SRR1719206_htseq_counted","sel4_SRR1719207_htseq_counted","sel4_SRR1719208_htseq_counted","sel4_SRR1719209_htseq_counted","sel4_SRR1719211_htseq_counted","sel4_SRR1719212_htseq_counted","sel4_SRR1719213_htseq_counted","sel4_SRR1719214_htseq_counted","sel4_SRR1719241_htseq_counted","sel4_SRR1719242_htseq_counted","sel4_SRR1719266_htseq_counted"
"1","augustus_masked-NW_015503979.1-processed-gene-10.4",427.109243600047,8.73846131124258,0.0746705998404786,117.026799435264,0,0,445.576859037722,536.03544659146,392.828779588689,509.24809466784,562.076197870757,653.273459476506,404.270918664419,427.787601051288,496.503017333353,356.743836222674,369.025347347591,419.972975220243,420.51438551795,373.671045743829,323.631218897504,374.881112695166,305.34466848338,316.581420390466
"2","augustus_masked-NW_015503979.1-processed-gene-16.0",3659.19937664065,11.8373123097554,0.063837740738842,185.428120932122,0,0,3891.53953658158,3726.9322836934,3509.45616563985,3567.52961383393,3802.88621044125,3977.60506861115,4631.12445045941,4821.00381286027,4099.49075181245,2843.10741208465,4120.55609252329,3358.73386932389,4104.0660854495,3567.66879388751,3739.0552226068,2525.11383632476,3173.40351888084,2406.3160545172
"3","augustus_masked-NW_015503979.1-processed-gene-16.1",265.661257530806,8.05344403881664,0.137923590421567,58.3906205907276,0,0,241.091161688966,145.290921868733,210.808824980219,188.058711376423,216.359269648825,350.135775043163,151.337019290607,181.945106269915,139.802091837135,568.187751309061,212.42787522592,262.483109512652,183.637474776646,342.936197825505,558.859610780251,330.687810792077,260.046283598483,237.807639729927
"4","augustus_masked-NW_015503979.1-processed-gene-16.2",154.192896497496,7.26859249313472,0.121596235147071,59.7764600552256,0,0,151.470886925005,168.405386711485,102.154056157815,138.716574233104,149.963303301566,100.262593300951,95.2470750780044,98.0120959370672,83.2644811677052,157.227526602698,119.831109101801,276.13223120731,154.31720569466,131.027509546537,182.186695673892,284.970601926813,145.96146240689,236.321341981615
"5","augustus_masked-NW_015503979.1-processed-gene-20.0",205.713488185171,7.68449258110908,0.133558848647249,57.5363793484408,0,0,200.698925175631,145.290921868733,301.818802284454,220.643141565408,145.384271139687,432.382433610349,206.36866266901,106.676148616587,125.410700030371,292.768497811921,152.512320675019,179.538446906654,277.770970250389,164.997604614158,234.459671647836,77.719255070949,260.046283598483,178.355729797445
"6","augustus_masked-NW_015503979.1-processed-gene-25.13",3370.56808426739,11.7187760521182,0.0798641265150877,146.733916258438,0,0,3690.84061140595,3492.48556885976,2465.62744635454,3765.82914612689,3568.21081214491,2349.12122898086,2972.76704326794,3428.25734462747,2480.45917355151,2662.02467454913,3777.40337100449,3467.92684288115,2480.64908154167,3251.4233850437,3772.11019270797,3978.92107824016,3052.60782585445,6013.56068967053
"7","augustus_masked-NW_015503979.1-processed-gene-29.0",356.87533353947,8.47927637860891,0.122862737801633,69.0142229477181,0,0,326.924664279802,299.387354153752,185.734647559664,429.183494774907,372.046363152741,255.356292313358,261.400306047412,274.000665989812,201.479485294694,508.549723977003,657.70938291102,363.27662356551,285.486830535122,690.725266374956,342.849224770278,434.313484220009,217.264475651636,318.067718138778
"8","augustus_masked-NW_015503979.1-processed-gene-29.1",237.086912418839,7.8892722156922,0.151369870119999,52.1191714668047,0,0,146.421857360838,130.981967442266,78.0085519750589,190.851662535479,141.949997018277,117.495226524551,202.135459332209,214.976807110584,313.526750075927,262.407320261055,351.323024412098,472.469597122773,199.840781374585,274.996007690264,179.111814734248,362.689856997762,179.515821580888,448.861919990238
"9","augustus_masked-NW_015503979.1-processed-gene-38.0",339.315674337841,8.40648426517335,0.130099968813766,64.6155747908517,0,0,314.302090369385,336.810773422971,431.833055576219,301.638725178026,455.613700107049,806.017253958422,334.423063607215,260.463083678063,465.664320604574,214.696898395409,253.279389692443,198.437230791565,397.366804663751,280.657690201534,252.908957285698,134.103812671441,409.363181922773,260.102105954608
"10","augustus_masked-NW_015503979.1-processed-gene-39.0",41.9722614988722,5.39136429376306,0.138255361654081,38.9956977383084,0,0,32.8186921670844,36.3227304671831,47.3623351277143,38.1703325070958,20.6056447284595,74.4136434655492,24.3409191866011,34.656210718079,62.7053500151854,29.2768497811921,17.7023229354933,36.7476353317712,58.640538163971,49.3375190267826,33.0549701011703,65.5279993735453,53.6869746783965,40.1300392044252
"11","augustus_masked-NW_015503979.1-processed-gene-44.0",2167.84092417556,11.0820431805037,0.10720265246834,103.374710656311,0,0,2275.8500760482,2117.72525511698,1717.11681668909,3168.13759808895,3142.36082109008,2731.37236594074,2538.86370124592,1694.90530543105,1903.77554472333,1871.54973045695,2118.83188366366,1163.32514136007,3981.38390692224,2491.94911674618,1344.49169085923,1670.20203054432,1778.38103622188,1310.91461401122
"12","augustus_masked-NW_015503979.1-processed-gene-7.0",376.816352064593,8.55771776229076,0.0753959933228928,113.503614517568,0,0,398.873335569179,297.18597654968,235.883002400773,469.215794721373,409.82337848825,390.084152061511,372.521893638417,554.499371489264,451.27292879781,350.237869604631,340.429287221025,262.483109512652,434.402934030469,414.920446897368,368.98571275725,280.398881040287,405.168887026023,346.307375356707
"13","augustus_masked-NW_015503979.1-processed-gene-7.1",837.067735875692,9.70920056076777,0.0636923836188429,152.438957519175,0,0,863.384055472527,723.152542937555,669.573404452589,1273.58572852944,1021.12417209922,840.482520405624,876.27309071764,773.266701647138,804.88998462115,772.041372007732,882.392712476897,900.84203184742,888.095518772771,885.648907120114,539.641604907477,769.573015898613,739.034760807301,844.217121041242
"14","augustus_masked-NW_015503979.1-processed-gene-9.0",999.960750893323,9.96572765905927,0.0682867304943895,145.939446608563,0,0,1100.68844498837,1070.97020438088,1026.18392776714,1285.68851688535,1463.00077572063,932.912098604938,833.941057349639,862.073241612216,890.210378904108,906.498015447281,882.392712476897,706.604530808058,1387.311679195,978.662262662409,911.702198604371,798.527248179947,1055.28459602223,906.641626470348
"15","maker-NW_015503979.1-augustus-gene-10.0",229.117327018551,7.8399427564858,0.141182063965835,55.5307277444465,0,0,174.191519963755,246.554291656031,259.099833345731,240.193799678798,247.267736741514,594.52584621423,176.736239311408,211.727787355764,160.361222989654,382.767702694845,185.193532248238,244.634258065791,118.824248384889,130.218697759213,141.444523223612,135.627719633617,155.18891117974,319.55401588709
"16","maker-NW_015503979.1-augustus-gene-12.0",1644.28209727174,10.6832421173932,0.0804093120261295,132.860757643612,0,0,1938.82735264006,1490.33263795654,2456.34071397656,1382.51082373262,1141.32376634856,1824.3092171712,1644.59949634688,2137.31349537903,2448.59252026511,1338.06046777745,1522.39977245242,1705.09027939419,1232.22288747186,1474.46388829221,1503.61677948579,1377.61189380663,1851.36176742533,1128.09999096884
"17","maker-NW_015503979.1-augustus-gene-12.11",473.504914364415,8.88723558884194,0.0820198377188715,108.354708275619,0,0,515.001015545016,342.31421743315,664.001365025799,456.182022645779,348.006444302872,653.273459476506,349.239275286016,442.408189947978,516.034191928247,500.959429589287,509.282213682653,290.831285340018,364.188605439399,392.273716852288,626.506991452413,537.939157647941,516.737131279566,497.909745684535
"18","maker-NW_015503979.1-augustus-gene-12.13",534.197175378555,9.06122853737237,0.102283612490505,88.5892501911143,0,0,597.047745962727,764.978717414918,536.773131447429,569.762036447382,880.318933121409,441.782051732313,751.393592282035,492.226492855216,391.651448455502,341.563247447241,661.794534357673,492.418313445734,597.207586038336,366.39173965791,466.613182590938,608.038877908013,398.458015191224,257.129510457984
"19","maker-NW_015503979.1-augustus-gene-12.2",1028.34695612091,10.0061113852099,0.117757390724539,84.9722579928456,0,0,1228.17644148358,1194.2473502089,885.025595621799,1187.9352263184,1378.28868072585,860.84835966988,1598.03425964207,965.500370473983,653.78037065013,1024.68974234172,1439.33502637049,597.411557250795,1465.2418680708,1201.89431596392,667.249163902693,1120.07161719897,682.831209190855,359.684055091515
"20","maker-NW_015503979.1-augustus-gene-14.0",4747.60901226238,12.2129854118709,0.0961765001288615,126.985130416551,0,0,5216.90979717537,5709.27281615997,4563.50029054095,3663.42093696151,3797.1624202389,2891.16587401413,5632.27703961266,5687.95058410472,6738.25523523837,4128.03581914808,5577.59344182927,8987.42166971319,3299.30185775184,4260.82049562444,3352.38894444659,3732.04815036773,4157.38510165833,4062.05174613682
"21","maker-NW_015503979.1-augustus-gene-15.0",1580.70059206106,10.6263484105776,0.0815678507296131,130.276184986197,0,0,1855.51836483131,1791.92136971437,1579.67317749494,1389.02770977041,1525.96246794647,1331.61256727825,1660.47400885988,1717.10694042232,1987.04002589104,1139.62848592714,1767.50885925156,1940.27514551752,1039.32638035354,1383.06815632456,1076.97704911022,1141.40631466943,1557.76112465285,2568.32250908321
"22","maker-NW_015503979.1-augustus-gene-15.10",5147.50086713164,12.3296564525515,0.0995418380878031,123.86406248271,0,0,7082.52622113501,6247.5096403555,8067.38441675401,4922.11092597599,4621.38820937728,6050.22086450423,5860.87001979987,5038.68813643321,7735.37309613558,3311.53700858373,4004.81013486814,4954.63117516081,5163.45370254334,3821.63569510734,4526.9934633905,2985.33373890175,5611.96657185113,2648.58258749206
"23","maker-NW_015503979.1-augustus-gene-15.19",397.862481823271,8.63612605000388,0.109280715572986,79.0269903040308,0,0,456.937175557098,504.11547133242,546.988537063211,510.179078387525,623.893132056135,521.678805769008,404.270918664419,294.577791103672,426.601971414786,299.274464429964,272.34342977682,186.887973973008,388.879358350544,359.112433571991,442.014135073789,213.346974704566,462.21129762182,248.211723968112
"24","maker-NW_015503979.1-augustus-gene-15.25",237.700597610556,7.89300172018466,0.104775259888984,75.3326856793084,0,0,277.696626029175,234.446714833637,294.389416382068,235.538881080372,277.031445793733,341.519458431363,236.001086026611,179.237589807565,287.827836135277,143.131265596939,96.6819175707711,131.241554756326,257.709733510083,223.232053301508,245.221754936589,202.679625969338,296.95607868988,318.067718138778
"25","maker-NW_015503979.1-augustus-gene-15.27",11884.4357812695,13.5367857918844,0.0550722048952006,245.800686891766,0,0,11779.3859732012,11952.3797013073,14009.9644654255,10715.6226135774,9564.45342812662,11927.3320952623,9678.16112875945,14107.7852787205,14726.5056445499,10562.4368043923,13746.534617985,14567.8125779522,8718.92212174832,10230.6602978651,12819.9473576097,11500.9258435383,11762.4806084449,11548.5335043846
"26","maker-NW_015503979.1-augustus-gene-15.40",3291.38945451996,11.6844810284935,0.0651517836291264,179.342458143692,0,0,3385.37432277386,3436.35043995593,4010.01104081315,2672.85425921639,3157.24267561619,3317.28189554317,3304.01520437255,4012.53939720259,3793.1596976399,2892.98648948965,4380.64406796015,4493.7108348566,2846.38085903801,2622.97662629272,2523.7085312126,2593.68964962265,3083.6456080904,2718.43858166273
"27","maker-NW_015503979.1-augustus-gene-15.46",1652.59593411004,10.6905183080728,0.0637726884922226,167.63474397628,0,0,1633.36106400797,1570.68292050516,1551.81298036099,1481.19509801926,1234.04916762663,1149.88661692028,1582.15974712907,1867.64485572898,1716.6874512354,1792.39380327076,1785.21118218706,1877.27919923448,1229.13654335797,1909.60462987268,1483.63005337811,1811.92537802664,1639.96930462914,2430.09681849019
"28","maker-NW_015503979.1-augustus-gene-15.5",1810.0890545035,10.8218449628159,0.107058743290621,101.083242995286,0,0,2332.65165864507,2573.41041915982,1615.89143376908,1671.11577683505,1687.37335165274,1012.80885264163,1419.18141866227,1839.48668452054,2589.42256865987,1400.95147841853,1485.63340943255,2109.31426804367,915.101029769337,1741.37177810923,971.662376927424,2074.03737552082,2315.25078300585,2826.93831728951
"29","maker-NW_015503979.1-augustus-gene-15.51",141.863556961227,7.14836021579173,0.177219593291053,40.3361732359456,0,0,76.9977008535441,57.2358177058643,265.60054601032,146.164443990586,91.5806432375978,239.690262110085,63.4980500520029,93.1385663048374,296.051488596285,147.468576675634,95.320200421887,184.788109096907,114.194732214049,173.085722487401,56.8852973834093,64.0040924113698,279.340040123532,108.499735626779
"30","maker-NW_015503979.1-augustus-gene-15.53",564.401771676662,9.14057870638659,0.0893982694805536,102.245588863159,0,0,780.075067663774,428.167943991947,546.059863825412,835.092396557682,546.049585304177,727.687102942055,594.765068820427,696.3732341164,709.290024761933,401.201274779299,533.793122362567,360.126826251358,608.781376465436,535.43340320869,554.247289370785,457.172088652641,540.225182701364,304.691038403969
"31","maker-NW_015503979.1-augustus-gene-16.4",35661.0374042998,15.1220610521217,0.0692796478249381,218.275662866149,0,0,38527.882346766,35624.8937666924,42175.6950946107,28508.5834642022,29359.6094639334,33580.9190422269,37355.9028455933,45931.3922738891,46810.0577646147,25277.8489666352,38461.7008702314,49381.4723588342,26732.369542486,26524.9825653006,31511.3798694691,37629.8346169989,32879.0776956211,35625.0707292914
"32","maker-NW_015503979.1-augustus-gene-17.0",4579.68556027084,12.1610328314099,0.0912303529451598,133.300293584527,0,0,6749.2902699,7054.31453224778,5190.35472605481,5176.26948145007,5347.16480703524,4198.4960944773,5599.46971375246,5365.75612508508,5261.08166192982,2499.37550909806,3707.9557964114,4192.38022513607,4482.14323940141,3391.34782425081,3354.69510515133,2904.56666990645,4232.04355082047,3727.63475276661
"33","maker-NW_015503979.1-augustus-gene-19.0",1033.17497253307,10.0128688860377,0.0927524879324215,107.952563960688,0,0,652.587071168562,933.384104126403,1312.21528500903,1210.27883559084,1174.52174952219,1956.68717238886,652.97161470143,969.832396813743,1015.62107893448,803.486877328272,754.391300481792,766.450679776943,876.521728345672,962.486026915922,1083.12681098951,1046.92408301455,1224.73410985092,1200.92858063613
"34","maker-NW_015503979.1-augustus-gene-19.4",1163.49636247284,10.1842509850052,0.162839250897134,62.5417454876317,0,0,1353.13992319671,1505.74228118505,1725.47487582928,1945.7559741422,2256.31809776632,2009.16837356983,1170.48072262525,809.005918950157,1554.2703151305,672.283217197744,638.645342826643,412.623448153888,1419.71829239088,674.54903062847,650.337318734652,467.83943738787,1194.53518659432,483.046768201415
"35","maker-NW_015503979.1-augustus-gene-19.8",6101.03168640887,12.5748375081595,0.0647694389282825,194.147698609575,0,0,6720.25834990604,6605.23350101715,4434.41471048698,5836.33693870692,6125.60027455483,3799.01232429383,6403.7783477445,5686.32607422731,4728.60016507956,6551.50838436898,6270.70747061128,7188.8874033325,6377.93011136032,7016.44225503834,6664.80443667782,7398.56830136191,4632.17928397039,7377.98202262099
"36","maker-NW_015503979.1-augustus-gene-2.11",742.911547014759,9.53704663973148,0.0727875577106376,131.025781599177,0,0,590.736459007519,702.239455698874,584.135466575143,487.835469115078,604.432245368146,766.068876940075,827.591252344438,862.614744904686,744.240547721217,923.847259762061,750.306149035139,835.746220688283,601.837102209176,879.987224608843,737.202705279588,583.656366513206,749.93992753885,1139.99037295534
"37","maker-NW_015503979.1-augustus-gene-2.15",4551.54959118554,12.1521420842413,0.0358141827642998,339.31088597545,0,0,4688.0239503289,4559.0530180325,5022.26487001332,4346.7629872105,4692.36320788642,4209.46231561959,4816.32709644442,4609.81752879698,5020.53982744534,4255.98649596959,5279.37738622366,4140.93353567159,4306.99321093798,4915.1492315698,3549.9500448187,4340.08702827574,4779.81846433598,4394.98244175872
"38","maker-NW_015503979.1-augustus-gene-2.23",54.4513033374175,5.76689467635342,0.122704688973155,46.9981605806042,0,0,54.2770678147934,26.4165312488605,74.2938590238656,49.342137143319,54.9483859425587,68.9305328944035,41.2737325338019,28.6996745009092,64.7612631304374,50.9634051746677,47.6601002109435,39.897432645923,54.7826080216045,40.4405893662152,40.7421724502796,100.577859503581,79.6916030382447,62.4245054291059
"39","maker-NW_015503979.1-augustus-gene-2.25",420.285950592463,8.71522742035608,0.0917714385120024,94.9666645926691,0,0,263.811794727717,410.556923159373,628.711781989463,310.017578655193,351.440718424282,595.309147724394,377.813397809417,380.135311313929,571.543846040051,312.286397666049,322.726964285532,464.070137618368,381.163498065811,316.245408843803,483.525027758979,312.400927245972,572.101823916662,511.286425419344
"40","maker-NW_015503979.1-augustus-gene-2.4",116.936622021871,6.86958301130537,0.127280058127683,53.9721863138532,0,0,156.519916489172,141.988855462625,243.31238830316,165.715102103977,111.041529925587,131.594653707498,158.745125130007,111.549678248817,74.0128721490713,65.0596661804269,68.085857444205,58.796216530834,97.2198395876361,125.365827035267,109.158273357353,94.4822316548792,114.923680170942,77.2874829122264
"41","maker-NW_015503979.1-augustus-gene-2.6",191.466007856473,7.58094447409283,0.164198675709285,46.1693399252194,0,0,210.796984303965,297.18597654968,289.746050193076,323.051350730787,307.939912886423,336.036347860217,142.870612617007,111.549678248817,101.767699204973,83.4932382648811,111.660806208496,111.292838433364,227.617878399624,172.276910700077,212.166784835418,48.7650227896151,240.752527073434,117.417522116652
"42","maker-NW_015503979.1-augustus-gene-21.0",3132.89789571974,11.6132820362609,0.106318179285713,109.231385585075,0,0,2670.93663944425,2248.70722255925,4506.85122303525,1448.61066783027,1617.54311118407,3226.41892036418,2796.03080395653,4286.5400631924,4651.50342325761,2781.30072921325,4106.93892103445,3913.09819661461,2140.37964298494,2974.80975377879,2585.20615000548,4154.17037889033,3534.95173898067,2748.16453662897
"43","maker-NW_015503979.1-augustus-gene-21.3",356.876967219769,8.47928298286774,0.116061067944147,73.0588054467009,0,0,232.255359951674,191.519851554238,423.474996436034,310.017578655193,235.820156336814,518.545599728353,206.36866266901,286.455241716622,431.741754202916,489.031824122875,261.449692585747,289.781352901967,346.442126784513,480.434201670637,498.899432457198,213.346974704566,505.831964548017,502.368638929471
"44","maker-NW_015503979.1-augustus-gene-21.6",320.131856945886,8.32252243920115,0.103238939057133,80.6141802231759,0,0,213.321499086048,254.259113270282,498.697528697698,256.020522913448,169.424189989556,427.682624549367,231.767882689811,314.613412925061,470.804103392704,307.949086587354,393.536256027505,269.832636579006,230.704222513517,357.494809997343,309.794254669107,224.014323439794,398.458015191224,433.998942507117
"45","maker-NW_015503979.1-augustus-gene-22.1",1246.22098180481,10.2833441965925,0.110789483155976,92.8187757868227,0,0,2094.08501173819,1962.52813402993,950.96139550548,1621.77363969173,1541.98908051305,787.218017714494,1698.57283889108,778.681734571838,972.446903514187,825.173432721747,1236.43917118676,1386.96075066485,1424.34780856172,976.235827300436,633.425473566612,1464.47459065063,1031.79654460043,1044.86731706337
"46","maker-NW_015503979.1-augustus-gene-24.5",7223.40281662735,12.8184629098863,0.0506465000959316,253.096717159257,0,0,7829.7825966317,7989.90001397825,6051.23481749385,8965.37322056909,9454.55665624151,6704.2776254909,7502.29461364415,7454.87582743428,6036.16090637982,6134.04219304458,7132.67442585492,6377.28962871938,8554.57429768351,7154.7490706708,6860.0593763452,6593.94542533326,6034.7514974435,7190.70850633367
"47","maker-NW_015503979.1-augustus-gene-25.0",6850.79816942118,12.7420563673313,0.043524600627534,292.755273652542,0,0,7348.86253064481,7181.99443328394,7055.13058755384,6294.38092879207,6343.10430224412,5558.30751612144,8206.06466838718,7471.66242950085,8064.3191945759,7512.22278829995,6794.96857293166,6184.10206011807,7213.55778019691,7634.37446055411,6201.26613502653,6071.24533730708,6553.16634668177,5625.63697736109
"48","maker-NW_015503979.1-augustus-gene-26.0",301.379421541853,8.2354371015576,0.199111311620972,41.3609705772746,0,0,205.747954739798,312.595619778182,152.302410998925,123.82083471814,116.765320127937,95.5627842399685,238.117687695011,238.802951979263,218.954746774336,358.912491762021,457.536962025058,533.365678529708,142.743415267561,592.859040108715,139.13836251888,495.269762707028,141.767167510141,860.566396272674
"49","maker-NW_015503979.1-augustus-gene-27.1",2071.49102613403,11.0164538551216,0.0427085821793677,257.944733656919,0,0,2160.9846534634,2305.94304026511,1942.78441347409,2020.23467171702,2484.12494781984,1824.3092171712,2039.34570750349,1713.8579206675,2007.59915704356,1991.91011289074,1576.86845840779,2072.5666327119,2211.36555760449,2026.88233903471,2436.84314466767,2203.56946730573,2192.77737202076,2074.87165664362
"50","maker-NW_015503979.1-augustus-gene-27.4",242.671041218871,7.92285814670784,0.076806973447014,103.1528491638,0,0,213.321499086048,232.245337229565,292.532069906471,283.01905078432,231.241124174935,237.340357579594,236.001086026611,237.719945394323,232.318182023474,242.889420406927,261.449692585747,197.387298353514,239.963254855197,279.848878414209,334.393302186257,252.968555721128,260.885142577833,102.554544633531
"51","maker-NW_015503979.1-augustus-gene-28.10",3624.56955030196,11.8235939571639,0.0478263236794474,247.219377270365,0,0,4015.24076090367,3898.63973681099,3276.35918295247,3631.76749049222,4055.87773738511,3107.3570908193,4733.77963137682,3792.68906045977,3446.73833771995,2865.8782952478,3861.82983423531,3740.90927677431,3798.51801817407,3392.15663603813,2965.72266628639,4093.21410040332,3138.17144174814,3427.40260760758
"52","maker-NW_015503979.1-augustus-gene-28.16",6441.45843778729,12.6531716566585,0.0795620735111052,159.035217387747,0,0,5497.13093798663,4934.38789952673,4390.76706831046,6424.71864954801,5996.24261598172,5841.07936129053,6392.1370385683,4897.35577709854,4348.25623875794,8643.17665206971,7324.67654384758,7705.4541628534,5781.49411135046,8030.69223634302,6630.21202610683,6612.23230887937,5977.7090868477,10518.5291648043
"53","maker-NW_015503979.1-augustus-gene-28.3",645.008974624485,9.3331754240411,0.0779154796981558,119.785894410171,0,0,657.636100732729,551.445089819962,826.519181640505,793.198129171845,639.919744622715,785.651414694167,602.173174659828,636.266368652232,862.455551848206,495.537790740918,656.347665762136,553.31439485267,893.496620972084,578.300427936878,445.089016013432,501.36539055573,719.741004282252,411.704476282437
"54","maker-NW_015503979.1-augustus-gene-28.5",548.219641135168,9.09861020648401,0.0603124831688662,150.857827906194,0,0,415.282681652721,511.820292946671,584.135466575143,767.130585020658,568.944746113577,582.776323561775,649.79671219883,463.526818354307,574.627715712929,502.043757358961,540.601708106988,396.874461583129,603.380274266123,521.683602824177,619.588509338215,583.656366513206,557.002362288363,425.081156017245
"55","maker-NW_015503979.1-augustus-gene-32.0",181.028587561681,7.50007373170637,0.154150900189852,48.6541027166839,0,0,73.210928680419,97.9613033811909,105.868749109009,143.371492831531,100.738707561358,136.29446276848,185.202645985009,143.498372504546,134.662309049005,359.996819531695,262.811409734631,234.134933685285,102.620941786949,211.908688278968,179.111814734248,231.633858250672,133.378577716641,422.108560520621
"56","maker-NW_015503979.1-augustus-gene-32.2",256.992072474112,8.00558004655308,0.100850798845853,79.3804326606214,0,0,220.895043432299,169.506075513521,186.663320797462,169.439036982718,249.557252822454,195.825377540919,177.794540145608,375.261781681699,266.240748425132,259.154336952034,427.579184749607,292.931150216119,226.846292371151,233.746606536724,284.426486917047,289.54232281334,188.743270353738,411.704476282437
"57","maker-NW_015503979.1-augustus-gene-32.4",295.769312582286,8.20832856377352,0.10169076074288,80.7185284465304,0,0,223.419558214382,217.936382803099,219.166884120404,226.229043883519,204.911689244125,197.391980561246,357.705681959617,245.842494781373,258.017095964124,464.092285420378,499.750193640465,316.029663853233,344.127368699093,426.243811919909,323.631218897504,252.968555721128,216.425616672286,329.958100125274
"58","maker-NW_015503979.1-augustus-gene-33.4",6206.76212601005,12.5996251403924,0.0610180074792858,206.490274935144,0,0,6491.7897621275,6545.79630570722,6253.68558333389,5193.0271884044,5864.59544132767,5628.80465203617,5309.49528518165,5247.70840732662,7128.87872713624,5792.47894559734,5144.56738848413,8247.21930088751,4979.04464173822,4850.44428858386,7559.59479011415,6180.96663858371,6793.08001477585,8510.54090683477
"59","maker-NW_015503979.1-augustus-gene-33.6",116.449952712084,6.86356624347502,0.109616341001374,62.6144439850349,0,0,78.2599582445858,104.565436193406,135.586292718555,102.408209165379,136.226206815927,101.829196321278,85.722367570204,94.2215728897773,102.795655762599,117.107399124768,50.3835345087117,149.090406203186,101.849355758476,95.439790904268,117.614195941373,126.484277860564,179.515821580888,216.999471253559
"60","maker-NW_015503979.1-augustus-gene-34.10",3549.30150312634,11.7933194171307,0.0460317762011185,256.199529768399,0,0,3712.29898705366,3788.5708566074,3252.21367876972,3391.57369081342,3282.02130202741,2744.68849161352,4090.33272418319,3862.5429851884,3977.16392145496,3692.13605573922,3771.95650240896,3225.39244969146,3432.78624067772,4470.30274854143,3257.83635555255,3544.60759402015,3601.22159834931,2789.78087358171
"61","maker-NW_015503979.1-augustus-gene-34.18",2576.94798414536,11.3314477012648,0.0654263383185146,173.193976500717,0,0,2616.65957162946,2364.27954677301,2634.64597563383,2087.26549953436,2053.69592460313,2092.19833364718,2427.74211365491,2992.88869748161,2474.29143420576,2374.67781558558,2971.26681886511,4097.88630571152,2041.61663134036,2748.34245332799,2472.20427547357,2927.42527433908,2044.29933267582,2963.67771013422
"62","maker-NW_015503979.1-augustus-gene-34.26",643.691935968004,9.33022658496716,0.0708652825872111,131.661460228918,0,0,626.079665956686,706.642210907017,733.651857860673,475.73268075917,613.590309691906,493.479951403116,929.188132427643,617.855256708253,761.715809200859,635.416073028836,848.349783754794,776.950004157449,596.436000009863,600.138346194634,555.016009605696,449.552553841764,500.798810671917,665.861391243796
"63","maker-NW_015503979.1-augustus-gene-34.3",622.722668029146,9.28244598618601,0.0961911415890222,96.5000085542738,0,0,532.6726190196,509.6189153426,418.831630247042,726.167301354506,923.819738659268,580.426419031284,594.765068820427,594.029111839573,610.606195229838,609.392206556665,932.776246985609,555.414259728771,865.719523947045,800.723669451062,398.197081683865,774.144736785139,416.074053757573,365.629246084763
"64","maker-NW_015503979.1-augustus-gene-34.5",295.469195516741,8.20686391817482,0.125527914444918,65.3787960587522,0,0,201.961182566673,146.391610670768,419.760303484841,214.126255527611,167.134673908616,311.754001045143,307.965542752214,236.636938809383,492.391191102849,409.875896936689,458.898679173942,182.688244220806,270.826695994129,414.920446897368,212.935505070329,280.398881040287,414.396335798873,175.383134300821
"65","maker-NW_015503979.1-augustus-gene-34.7",479.316344211464,8.90483432503892,0.134589473415486,66.1629330961802,0,0,272.647596465009,231.144648427529,338.037058558589,376.117422752847,429.28426517624,529.511820870645,274.099916057813,432.119627391048,289.883749250529,980.232303785098,424.855750451839,392.674731830927,388.107772322071,719.842490718631,787.169520548799,487.650227896151,415.235194778223,859.080098524362
"66","maker-NW_015503979.1-augustus-gene-35.1",8549.95524003769,13.0617011520121,0.0426587717722003,306.190277154771,0,0,8665.39698950131,8914.47860768837,6901.89950331712,8985.85486240217,9770.50987541122,7351.2846728861,9215.68366421403,8190.23729860852,8120.85680524532,8890.40338355533,8178.47319619791,9995.35681024177,9352.3942511249,8874.28293052227,9702.01808481093,6654.90170382028,7997.68150912237,8137.48017200845
"67","maker-NW_015503979.1-augustus-gene-35.22",866.460589304363,9.75899032010857,0.0836756766452413,116.628758934136,0,0,973.200448493155,847.530377567606,645.427900269833,852.781087231702,1086.375380406,914.11286236101,710.119859748233,620.021269878133,736.016895260209,816.498810564357,513.367365129306,705.554598370008,1009.23452524308,763.518327234144,1156.15523330605,847.292270969562,972.237557066586,1426.84583837956
"68","maker-NW_015503979.1-augustus-gene-35.31",183.239042761347,7.51758312114066,0.114849336394518,65.4560431704809,0,0,295.368229503759,250.957046864174,188.520667273059,231.814946201631,206.056447284595,161.360111093717,169.328133472008,173.281053590395,212.78700742858,75.9029438771647,110.299089059612,151.190271079287,224.531534285731,130.218697759213,188.336457553179,91.4344177305283,260.046283598483,176.869432049133
"69","maker-NW_015503979.1-augustus-gene-35.35",87.5691958055567,6.45235155747459,0.14216615583232,45.3859888079473,0,0,94.669304328128,45.12824088347,60.3637604568908,121.027883559084,140.805238977807,120.628432565206,67.7312533888031,49.2767996147686,32.8946098440317,108.432776967378,58.5538374020163,90.2941896723522,76.387016818857,72.7930608591874,119.920356646106,54.860650638317,98.9853595632935,163.492752314325
"70","maker-NW_015503979.1-augustus-gene-35.37",377.298605775758,8.55956295876951,0.0905448324092925,94.5339753910799,0,0,284.007912984384,409.456234357337,248.88442772995,323.051350730787,362.888298828981,383.817739980201,340.772868612416,320.028445849761,260.073009079376,351.322197374305,277.790298372356,354.877164061105,425.14390168879,308.15729097056,654.180919909207,472.411158274396,476.471900270769,538.03978488896
"71","maker-NW_015503979.1-augustus-gene-35.41",1397.13341608644,10.4482540788782,0.053459977041289,195.440676504755,0,0,1394.79441710109,1531.05812363187,1589.88858311072,1441.16279807279,1475.5931141658,1433.44176359953,1560.99373044507,1330.47358959875,1172.89843225126,1538.6611051671,968.180892856595,1701.94048208003,1290.09183960736,1122.63076080613,1579.72008274197,1107.88036150157,1474.7140856972,1434.27732712112
"72","maker-NW_015503979.1-augustus-gene-36.2",3011.95268955374,11.556483393622,0.105410940549115,109.632675065995,0,0,2731.52499421425,2272.92237620404,3027.47475522252,1506.33165845076,1766.36165644517,2203.42714809042,4098.79913085679,4420.29137643249,3668.77695416716,4313.4558677623,4052.47023507908,3812.30468256175,2446.69929628884,3547.4484992044,3611.44766361158,2467.20537176209,2386.55379625059,1881.65294936305
"73","maker-NW_015503979.1-augustus-gene-37.0",87.5623546057373,6.45223884488757,0.131314158567371,49.1358960471673,0,0,68.1618991162521,73.7461497364021,55.7203942678992,63.306892938598,67.5407243877284,38.3817739980201,107.946685088405,52.5258193695885,108.963395108355,134.456643439549,77.6178774863937,98.693649176757,97.9914256161094,140.733250994429,80.7156246656483,169.153672801477,58.7201285544961,81.7463761571625
"74","maker-NW_015503979.1-augustus-gene-37.4",95.7990251725868,6.58193907041218,0.167682878299892,39.2523025436189,0,0,47.9657808595848,39.6247968732907,41.7902957009244,103.339192885064,80.1330628328981,86.1631661180043,68.7895542230032,42.7787601051288,76.0687852643233,149.637232214982,59.9155545509004,61.9460138449858,124.225350584202,177.129781424023,146.825564867989,224.014323439794,104.857372418743,89.1778648987227
"75","maker-NW_015503979.1-augustus-gene-37.6",201.683376018176,7.6559483628454,0.171560549689903,44.6253429281007,0,0,124.963481713129,96.860614579155,140.229658907546,86.5814859307296,193.464108839425,224.024231906811,105.830083420005,118.589221050927,94.5720033015911,359.996819531695,198.810703737079,154.340068393439,192.124921089852,150.438992442321,501.974313396842,371.833298770815,142.606026489491,373.060734826323
"76","maker-NW_015503979.1-augustus-gene-37.8",523.692125039674,9.03257510036373,0.0730601783332774,123.631988128471,0,0,397.611078178137,427.067255189911,444.834480905395,472.008745880429,451.034667945169,627.424509641104,411.679024503819,510.096101506726,461.55249437407,567.103423539387,586.900091169047,589.01209774639,395.823632606804,622.785076239715,501.205593161931,810.718503877351,455.50042578702,694.101048461725
"77","maker-NW_015503979.1-augustus-gene-38.2",127.907107616023,6.99895262473297,0.15861667425754,44.1249487640185,0,0,103.50510606542,107.867502599514,47.3623351277143,142.440509111845,85.856853035248,90.0796736688227,71.9644567256033,95.8460827671873,68.8730893609413,188.673031923238,172.938077908281,181.638311782755,91.818737388323,157.718298528239,132.219880404681,138.675533557968,69.6252952860454,355.225161846579
"78","maker-NW_015503979.1-augustus-gene-38.5",131.79561874191,7.04215860166561,0.159894309359033,44.0425843164491,0,0,95.9315617191697,62.7392617160436,59.4350872190925,126.613785877196,77.8435467519582,73.6303419553855,102.655180917405,80.1424872855577,126.438656587997,197.347654080628,117.107674804033,167.989190088097,125.768522641148,162.571169252185,168.349731445495,129.532091784915,93.9522056871938,404.272987540876
"79","maker-NW_015503979.1-augustus-gene-39.14",1555.03842454844,10.6027345140344,0.0478797855158318,221.444904144956,0,0,1748.22648659276,1709.36970956168,1503.52197199548,1451.40361898933,1607.24028881984,1404.45960772347,1938.80712825449,1772.34027625426,1402.13274460185,1521.31186085231,1568.69815551448,1899.32778043355,1293.94976974973,1707.40168304161,1331.42344686574,1462.95068368845,1311.13658472396,1356.9898442089
"80","maker-NW_015503979.1-augustus-gene-39.23",31041.5620542342,14.9219135373063,0.0688937570037116,216.593116506948,0,0,28867.8265331238,34756.4503018861,27060.6094762053,33396.2479925498,40759.1100309334,27907.4662041114,26868.1415786708,22847.1069158936,29289.5661964373,27122.2905028503,22560.9297227118,26595.8385882599,30672.8593898992,29283.8395718638,30261.4407675039,37320.4815036773,33767.4293547527,49410.4823448856
"81","maker-NW_015503979.1-augustus-gene-39.5",2716.33435712537,11.4074453583822,0.10263426554224,111.146558102346,0,0,3150.5944480401,2913.5232589889,1803.48342780434,2281.84109694858,2738.26123280418,1339.44558237989,4491.42874034501,3484.03218375188,1738.27453894555,3287.6817976509,3575.86923296965,2640.58008169728,3117.97914106062,3195.61537171833,2240.05076453047,3233.73057373635,1616.48125320734,2045.14570167737
"82","maker-NW_015503979.1-augustus-gene-39.9",832.638865655474,9.70154709149061,0.0532423536785596,182.214842530475,0,0,694.241565072938,701.138766896838,709.506353677917,1062.25242416089,930.688286902088,828.732997753169,826.532951510238,839.871606620946,725.737329683949,975.894992706403,792.519380650546,687.705746923147,755.382721875363,1047.41126458497,837.13633581801,778.716457671666,795.238312423748,998.792086865694
"83","maker-NW_015503979.1-augustus-gene-4.0",117.086121926437,6.87142627488422,0.104586190077401,65.7010860592481,0,0,95.9315617191697,117.773701817836,63.1497801702858,83.7885347716738,91.5806432375978,112.012115953406,115.354790927805,125.087260560566,77.0967418219493,245.058075946274,110.299089059612,138.59108182268,115.737904270995,107.571967714133,141.444523223612,108.197394314458,132.539718737291,126.335308606524
"84","maker-NW_015503979.1-augustus-gene-4.3",3082.06687382199,11.5896824500465,0.0454400584153342,255.05430349833,0,0,2894.35619765863,2847.48193086675,3121.27075224015,3518.18747669061,3237.37573844908,3036.07665339441,3498.74255786536,3670.85081965403,3082.84171632035,2993.82897206931,3417.91004369909,2562.88508128153,3235.26021738856,3606.49175967907,2768.16156591428,2479.39662745949,3016.5368897424,2489.54872842268
"85","maker-NW_015503979.1-augustus-gene-41.15",1410.96118981395,10.4624625900792,0.0570064030386585,183.531358450807,0,0,1282.45350929837,1362.65273692039,1236.99275274736,1406.71640044443,1508.79109733942,1404.45960772347,1430.82272783847,1491.30006746234,1239.71560849694,1280.59109598474,1771.59401069821,992.186153957823,1560.91853560149,1863.5023579952,1122.33154296997,1737.25393688004,1315.33087962071,1389.68839467176
"86","maker-NW_015503979.1-augustus-gene-41.2",2665.08288813712,11.3799646883575,0.0937478627398749,121.389057369061,0,0,3160.69250716843,2674.67378894712,1513.73737761126,2632.82195926993,2050.26165048172,1342.57878842054,2876.46166735573,3022.67137856746,2226.5539038179,3160.81544859907,3626.25276747836,3307.28717985941,2273.09243988235,2918.19292866609,2177.78442550268,4157.21819281469,1978.86833228652,2871.52724973887
"87","maker-NW_015503979.1-augustus-gene-41.22",26766.5540696106,14.7081437976958,0.14456284866441,101.742210627292,0,0,40731.7837515248,45614.7453339698,45617.3581138913,31649.7225344202,37411.8375205992,34129.2300993415,29986.9541370584,26065.2609830427,36515.0728399904,11904.8345832484,15518.1286286832,15583.0972455471,23532.6022824073,15732.198075245,20703.1733666213,11478.0672391056,28925.5353259448,10698.3711923501
"88","maker-NW_015503979.1-augustus-gene-41.4",3501.09760804592,11.7735915682739,0.0431727961549105,272.708571527971,0,0,3016.79516458968,2827.66953243011,3508.52749240205,3318.02597695828,3172.1245301423,3434.77712206772,3687.12010635297,3910.73677821823,3850.72526486696,3804.9061437853,3733.8284222402,3031.1549486521,3580.9307581446,4498.61116109778,3107.93590974492,3716.80908074597,3497.20308490992,3321.87546747742
"89","maker-NW_015503979.1-augustus-gene-42.0",1718.56260621494,10.746986693853,0.0581293697173159,184.880495799555,0,0,1561.41239271859,1550.87052206852,2226.02975100257,1964.37564853591,2034.23503791514,2250.42523870024,1608.61726798407,1623.96837411748,1833.87449880477,1323.96420677169,1556.44270117453,1334.46412876232,1709.06305306837,1585.27110315564,1479.01773196864,1735.73002991786,2055.20449940736,1501.16072579517
"90","maker-NW_015503979.1-augustus-gene-42.11",4235.31694588006,12.0482542209586,0.0685873151722493,175.663009853947,0,0,3507.8132897049,3252.53541001594,3888.35484666157,4757.3268075917,4129.14225197519,4046.53560150555,3405.61208445576,3801.35311313929,3864.0887001161,4156.2283411596,3917.66023733956,4313.12245551189,3922.74336875827,3833.7678719172,5233.44735927366,4718.01595489526,4008.90706231339,7479.05026950621
"91","maker-NW_015503979.1-augustus-gene-42.19",464.330869980822,8.8590093881632,0.0603360083627871,146.827899765857,0,0,425.380740781055,394.046591128835,588.778832764135,462.698908683576,402.95483024543,426.11602152904,472.002172053222,608.108197443793,605.466412441708,480.357201965485,457.536962025058,536.51547584386,433.631348001996,420.582129408638,502.743033631752,420.59832156043,374.131104790075,346.307375356707
"92","maker-NW_015503979.1-augustus-gene-42.21",1243.58464158961,10.2802889891175,0.0958464557195207,107.257894013328,0,0,1264.78190582379,1290.00727598602,1417.15536088024,1403.92344928538,1408.05238977807,1349.62850201201,1466.80495620127,1440.39875797016,1746.49819140656,622.40413979275,1378.05775467071,1013.18480271884,1859.52232862066,931.751178997599,743.352467158876,868.626968440019,1348.04637981536,832.326739054745
"93","maker-NW_015503979.1-augustus-gene-42.23",2140.65936850157,11.0638395304226,0.0420912701868208,262.85354377086,0,0,2080.20018043673,1996.64948689304,2202.81292005762,2132.88370179894,2211.67253418799,2229.27609792582,1737.72996975648,1952.1193693543,2308.79042842797,2169.73986711724,2385.72844484494,2472.59089160918,1734.52539200798,2088.35203487135,2530.6270133268,1842.40351727014,2056.88221736606,2398.88456577564
"94","maker-NW_015503979.1-augustus-gene-42.26",5760.13487415092,12.491886877578,0.0641757551656084,194.651186345095,0,0,7333.71544195231,6048.28496718701,7476.74823751428,5145.54701870045,4709.53457849347,6060.40378413636,6329.69728935049,6428.18558491119,6795.82080246542,4769.95785879496,4620.30628616375,7457.67010747346,4462.08200266111,5034.04456430647,5017.43697326368,4350.75437701097,6162.25806230469,5479.97979802651
"95","maker-NW_015503979.1-augustus-gene-42.6",1039.52968186829,10.021715236964,0.0590627051704829,169.679245270541,0,0,1095.6394154242,1353.8472265041,768.941440897009,1259.62097273416,1144.75804046997,809.933761509241,989.511279977046,1120.91181541287,733.960982144957,954.208437312927,1094.82058770282,1008.98507296663,1053.21492886606,1112.92501935824,1156.15523330605,982.919990603179,892.545954028341,1178.63411441145
"96","maker-NW_015503979.1-augustus-gene-43.0",4608.13914207875,12.169968564063,0.0524079039745677,232.216281154248,0,0,3952.12789135158,4622.89296855058,5035.26629534249,4775.01549826572,4285.97410351958,4264.29342133105,5369.81843273105,5201.68062746667,5187.06878978075,5184.17106681035,5576.23172468039,4224.92813071564,4626.42982672592,5335.73136097844,3413.88656323947,4497.04944537982,3728.7281632105,3665.2102473375
"97","maker-NW_015503979.1-augustus-gene-45.15",4173.03510630101,12.0268813422088,0.0999441398664166,120.336033291034,0,0,4301.77318867013,2977.36320950698,6327.97944235775,2461.52095484784,3050.78017785248,3897.70831457445,5162.39146922784,5405.82736872786,5204.54405126039,4431.64759465674,5416.91081826095,5201.3652981027,3418.12610613673,3110.69013404928,5430.23973941086,3581.18136111236,3729.56702218985,2005.01566247295
"98","maker-NW_015503979.1-augustus-gene-45.19",1619.61057740682,10.6614312548208,0.0434760227351202,245.225542358741,0,0,1454.12051448005,1302.11485280841,1615.89143376908,1540.77805607911,1429.802792547,1708.38059366698,1352.50846610766,1862.77132609675,1600.52836022367,1580.94988818437,1774.31744499598,1779.63548249578,1388.85485125194,1752.69514313177,1708.86508220701,1930.79012107632,1574.53830423985,1795.44767996095
"99","maker-NW_015503979.1-augustus-gene-45.24",1047.74669587702,10.0330742565249,0.0530966853764158,188.958579719203,0,0,1022.42848674378,1079.77571479717,1080.97564879724,1243.79424949951,1179.10078168407,1120.12115953406,742.927185608434,1176.68665453728,933.384554324399,740.595866687192,1194.22593957136,1012.13487028078,972.969981904835,1150.93917336249,1144.62442978238,946.346223510968,987.337018694885,1131.07258646547
"100","maker-NW_015503979.1-augustus-gene-45.28",484.313443152553,8.91979723834786,0.102790480689532,86.7764911547515,0,0,304.204031241051,342.31421743315,638.927187605244,422.66660873711,404.0995882859,763.718972409584,281.508021897213,468.941851279007,529.397627177385,532.404934909826,528.346253767031,542.815070472164,306.319653303901,448.081730177665,591.14586064651,292.59013673769,706.319260612653,613.840970052875
"101","maker-NW_015503979.1-augustus-gene-45.3",4693.58786118618,12.196475450612,0.0550228757295745,221.661904960311,0,0,5008.63732765349,3969.08382014128,5172.70993453664,3312.44007464017,3939.11241725718,4485.18444719721,5524.33035452426,5035.43911667839,5630.11806611755,5318.6277102499,4718.34992088341,5757.82949026953,3954.37839592568,4968.5308095332,5155.03789531274,4271.51121497785,4372.13300037191,3891.12750508093
"102","maker-NW_015503979.1-augustus-gene-5.2",3330.28096919915,11.7014281844122,0.0507818590371652,230.42536067552,0,0,3895.3263087547,3540.91587614934,3673.83132873015,2741.7470544731,2931.7253416436,2987.51195976426,3687.12010635297,3839.25834361219,4076.87570754468,3292.0191087296,3513.23024412098,3581.31954619062,2935.88483834092,3581.41859427202,2452.9862696008,3145.34396993017,3289.16605803113,2779.37678934352
"103","maker-NW_015503979.1-augustus-gene-5.5",17175.5635419026,14.0680698151733,0.0699991712494009,200.974805330909,0,0,19233.0158673025,17005.6419914539,21228.5415428318,11470.6504102421,13699.3194703042,15156.8842216671,20151.1061840031,20093.5626736837,21700.1629314847,19430.0693047845,17069.1244612622,23988.8563445803,14141.6287298587,13131.0593672101,16362.9789203142,16086.3618927243,16142.163339631,13069.0161009078
"104","maker-NW_015503979.1-augustus-gene-6.0",864.002513787251,9.75489169964394,0.0545763843990966,178.738328070802,0,0,752.305405060857,762.777339810846,691.861562159748,1133.00718685697,1094.38868668929,1038.65780247703,811.716739831438,931.385663048374,859.371682175328,859.871921351308,744.859280439603,727.60317956907,990.71646055972,883.222471758141,731.052943400301,889.961665910475,790.205158547648,859.080098524362
"105","augustus_masked-NW_015503979.1-processed-gene-20.1",56.5711419897594,5.82199438954473,0.163791701254342,35.5451121452369,9.8866772953389e-277,1.17698539230224e-276,25.2451478208341,29.718597654968,40.8616224631261,45.6182022645779,38.9217733759791,56.3977087317847,46.5652367048022,39.5297403503089,25.6989139406498,116.023071355095,27.234342977682,47.2469597122773,77.1586028473303,55.808013325377,106.083392417709,88.3866038061773,53.6869746783965,98.095651388595
"106","augustus_masked-NW_015503979.1-processed-gene-24.0",38.4288993547418,5.26411975153281,0.159085339372483,33.089911190417,4.15112764387048e-240,4.89519769324349e-240,35.3432069491678,47.3296184875417,56.6490675056975,50.2731208630043,56.0931439830287,59.5309147724394,49.7401392074023,26.5336613310293,20.5591311525198,63.9753384107531,20.4257572332615,14.6990541327085,26.2339249680923,32.3524714929722,13.0682439934859,39.6215810165623,43.6206669261971,35.6711459594891
"107","maker-NW_015503979.1-augustus-gene-37.2",61.3522569128984,5.93904451093784,0.182704156716011,32.5063458746004,8.6738234144436e-232,1.01329712785556e-231,49.2280382506265,56.1351289038285,41.7902957009244,44.6872185448927,28.6189510117493,32.8986634268744,25.3992200208012,69.853924728628,43.1741754202916,103.011138119009,134.809997739526,14.6990541327085,88.7323932744298,94.6309791169436,71.4909818467171,111.245208238809,61.236705492546,32.698550462865
"108","maker-NW_015503979.1-augustus-gene-32.7",49.7968187376708,5.63798167376735,0.188236895437826,29.9515228438813,4.20350979882784e-197,4.86517337827297e-197,59.3260973789602,13.2082656244302,28.7888703717479,42.8252511055221,52.6588698616188,56.3977087317847,24.3409191866011,16.2450987740995,26.7268704982758,134.456643439549,35.4046458709866,50.3967570264291,27.7770970250389,67.1313783479173,59.960178323053,54.860650638317,53.6869746783965,92.1504603953468
"109","augustus_masked-NW_015503979.1-processed-gene-45.2",53.2855121920781,5.7356714265615,0.220398193674508,26.0241308285501,2.64111046568148e-149,3.02879640559803e-149,25.2451478208341,30.8192864570039,35.2895830363362,53.9970557417453,50.3693537806788,38.3817739980201,60.3231475494028,21.6601316987994,24.6709573830238,36.8671441689086,9.5320200421887,29.398108265417,84.8744631320633,50.1463308141069,30.7488093964375,147.818975331021,59.5589875338461,169.437943307573
"110","maker-NW_015503979.1-augustus-gene-2.9",26.0192668430431,4.70150840602809,0.204447551942558,22.9961589725909,5.09261497990622e-117,5.78706247716616e-117,17.6716034745839,23.1144648427529,34.3609097985378,40.9632836661516,22.8951608093995,57.1810102419483,6.34980500520029,8.12254938704977,23.6430008253978,32.5298330902134,19.0640400843774,17.8488514468603,50.1530918507647,17.7938593211347,44.5857736248343,6.09562784870189,25.1657693804983,20.8081684763686
"111","augustus_masked-NW_015503979.1-processed-gene-17.10",17.3748487926396,4.11892851749714,0.204941824060876,20.0980377547222,7.67695899377800e-90,8.64522409209234e-90,27.7696626029175,15.4096432285019,15.7874450425714,29.7914790299285,6.86854824281984,18.7992362439282,11.6413091762005,18.9526152364495,3.08386967287797,41.2044552476037,25.8726258287979,10.4993243805061,17.746478654886,11.3233650225403,25.3677677520609,6.09562784870189,17.6160385663488,8.91778648987227
"112","maker-NW_015503979.1-augustus-gene-33.2",22.709400196532,4.5052176967967,0.227623605518095,19.7924010848627,3.46151611168034e-87,3.86329923178609e-87,16.4093460835422,15.4096432285019,13.9300985669748,22.3436092724463,0,7.83301510163676,39.1571308654018,22.7431382837394,17.4752614796418,32.5298330902134,17.7023229354933,18.8987838849109,10.8022043986262,29.117224343675,33.8236903360812,33.5259531678604,17.6160385663488,59.4519099324818
"113","augustus_masked-NW_015503979.1-processed-gene-36.0",21.0172838265577,4.39350432921335,0.22997653440215,19.1041418231419,2.3323052934483e-81,2.57998373169060e-81,12.6225739104171,18.7117096346095,10.2154056157815,20.4816418330758,14.8818545261097,21.1491407744192,14.8162116788007,28.6996745009092,6.16773934575594,33.6141608598872,13.617171488841,7.34952706635425,29.3202690819855,28.3084125563507,7.68720234910937,22.8586044326321,7.5497308141495,80.2600784088504
"114","augustus_masked-NW_015503979.1-processed-gene-45.1",30.3252426847372,4.9224472857786,0.29399263805492,16.7434372450478,6.32292515694408e-63,6.93303197033342e-63,5.04902956416683,33.0206640610756,3.71469295119328,13.0337720755937,1.14475804046997,9.39961812196411,29.6324233576014,23.8261448686793,7.19569590338193,45.5417663262988,81.703028933046,37.7975677698218,53.2394359646579,65.5137547732687,22.2928868124172,45.7172088652641,10.0663077521993,57.9656121841698
"115","maker-NW_015503979.1-augustus-gene-33.0",26.6088788835038,4.73383582120832,0.284312623297276,16.6501077803311,3.02057731048876e-62,3.28323620705300e-62,6.31128695520853,5.50344401017926,2.78601971339496,27.9295115905579,37.7770153355091,6.26641208130941,6.34980500520029,40.6127469352489,10.2795655762599,66.1439939501006,17.7023229354933,23.0985136371133,6.94427425625972,27.4996007690264,50.7355355041218,59.4323715248434,22.6491924424485,60.9382076807939
"116","maker-NW_015503979.1-augustus-gene-10.2",283.071003411644,8.14502016304961,0.498810084899405,16.3289003362717,6.1482569821573e-60,6.62527692042813e-60,20.1961182566673,18.7117096346095,1.85734647559664,523.212850463118,503.693537806788,674.422600250925,4.2332033368002,20.0356218213894,18.5032180372678,22.7708831631494,4.0851514466523,27.2982433893158,324.83771798726,746.533279700333,687.235890010377,231.633858250672,433.690092323921,832.326739054745
"117","augustus_masked-NW_015503979.1-processed-gene-24.2",4.95217781503738,2.30806311751401,0.296185232298893,7.79263402027027,6.56265019622488e-15,7.01137841477017e-15,3.78677217312512,2.2013776040717,6.50071266458824,14.8957395149642,8.01330628328981,12.5328241626188,6.34980500520029,3.79052304728989,1.02795655762599,4.33731107869512,1.3617171488841,6.29959462830364,0.771586028473303,1.61762357464861,3.07488093964375,4.57172088652641,5.03315387609967,2.97259549662409
"118","augustus_masked-NW_015503979.1-processed-gene-12.17",6.11287969507984,2.61185217433004,0.365170834249279,7.15241177379214,8.52663340986136e-13,9.03245064603958e-13,11.3603165193754,5.50344401017926,11.1440788535798,7.44786975748211,0,9.39961812196411,21.166016684001,9.74705926445973,8.22365246100792,0,0,4.19972975220243,6.94427425625972,2.42643536197291,5.38104164437656,4.57172088652641,2.51657693804983,0
"119","augustus_masked-NW_015503979.1-processed-gene-3.0",4.14389774096921,2.05098840205514,0.288809649602082,7.10152311351427,1.23389369501234e-12,1.29610682249195e-12,1.26225739104171,3.30206640610756,4.6433661889916,5.58590231811158,9.15806432375978,2.34990453049103,3.17490250260015,4.33202633975988,4.11182623050396,1.08432776967378,2.7234342977682,6.29959462830364,7.71586028473303,4.04405893662152,10.7620832887531,1.52390696217547,2.51657693804983,0
"120","augustus_masked-NW_015503979.1-processed-gene-35.53",6.17421106961956,2.62625480331074,0.392767609808664,6.68653610360109,2.28514791117739e-11,2.38036240747645e-11,5.04902956416683,1.10068880203585,0.92867323779832,8.37885347716738,10.3028223642298,9.39961812196411,20.1077158498009,7.58104609457979,14.3913918067639,3.25298330902134,5.4468685955364,0,1.54317205694661,10.514553235216,12.299523758575,0,0.838858979349945,0
"121","augustus_masked-NW_015503979.1-processed-gene-23.0",5.98101919946239,2.58039134875803,0.409869653090644,6.29563894106444,3.0613620456859e-10,3.16256409678295e-10,5.04902956416683,0,0,24.2055767118169,6.86854824281984,8.61631661180043,5.29150417100024,0,7.19569590338193,10.8432776967378,8.1703028933046,3.14979731415182,3.85793014236651,1.61762357464861,9.22464281893124,0,1.67771795869989,11.8903819864964
"122","augustus_masked-NW_015503979.1-processed-gene-7.2",3.35278586230888,1.74536034318226,0.513155097346123,3.40123356897108,0.000670824843754336,0.000687320536633541,0,0,2.78601971339496,1.86196743937053,0,0.783301510163676,0,3.24901975481991,1.02795655762599,5.4216388483689,12.2554543399569,0,3.08634411389321,0.808811787324305,7.68720234910937,0,5.03315387609967,16.3492752314325
"123","augustus_masked-NW_015503979.1-processed-gene-35.52",0.233318319566801,-2.09962850633697,1.607433035702,-1.30619967345639,0.191484663849729,0.194598235619643,0,0,0,0,0,0,0,0,0,0,0,4.19972975220243,0,0,0,0,0,0
"124","augustus_masked-NW_015503979.1-processed-gene-33.10",1.43874926613464,0.524815192479706,0.860807909777157,0.609677474519917,0.542075478928006,0.546447055370974,0,0,0,0,0,0,0,0,1.02795655762599,3.25298330902134,1.3617171488841,0,0.771586028473303,0.808811787324305,0,0,0.838858979349945,17.8355729797445
"125","augustus_masked-NW_015503979.1-processed-gene-4.16",0.841883870599572,-0.24830685312152,0.928292256096585,-0.267487799764307,0.789093606444159,0.789093606444159,0,0,0,0,1.14475804046997,0.783301510163676,0,2.16601316987994,0,0,0,9.44939194245546,0.771586028473303,0,0,0,0.838858979349945,0
"126","augustus_masked-NW_015503979.1-processed-gene-35.51",0,NA,NA,NA,NA,NA,0,0,0,0,0,0,0,0,0,0,0,0,0,0,0,0,0,0
